[{"model": "auth.permission", "pk": 1, "fields": {"name": "Can add log entry", "content_type": 1, "codename": "add_logentry"}}, {"model": "auth.permission", "pk": 2, "fields": {"name": "Can change log entry", "content_type": 1, "codename": "change_logentry"}}, {"model": "auth.permission", "pk": 3, "fields": {"name": "Can delete log entry", "content_type": 1, "codename": "delete_logentry"}}, {"model": "auth.permission", "pk": 4, "fields": {"name": "Can view log entry", "content_type": 1, "codename": "view_logentry"}}, {"model": "auth.permission", "pk": 5, "fields": {"name": "Can add permission", "content_type": 2, "codename": "add_permission"}}, {"model": "auth.permission", "pk": 6, "fields": {"name": "Can change permission", "content_type": 2, "codename": "change_permission"}}, {"model": "auth.permission", "pk": 7, "fields": {"name": "Can delete permission", "content_type": 2, "codename": "delete_permission"}}, {"model": "auth.permission", "pk": 8, "fields": {"name": "Can view permission", "content_type": 2, "codename": "view_permission"}}, {"model": "auth.permission", "pk": 9, "fields": {"name": "Can add group", "content_type": 3, "codename": "add_group"}}, {"model": "auth.permission", "pk": 10, "fields": {"name": "Can change group", "content_type": 3, "codename": "change_group"}}, {"model": "auth.permission", "pk": 11, "fields": {"name": "Can delete group", "content_type": 3, "codename": "delete_group"}}, {"model": "auth.permission", "pk": 12, "fields": {"name": "Can view group", "content_type": 3, "codename": "view_group"}}, {"model": "auth.permission", "pk": 13, "fields": {"name": "Can add content type", "content_type": 4, "codename": "add_contenttype"}}, {"model": "auth.permission", "pk": 14, "fields": {"name": "Can change content type", "content_type": 4, "codename": "change_contenttype"}}, {"model": "auth.permission", "pk": 15, "fields": {"name": "Can delete content type", "content_type": 4, "codename": "delete_contenttype"}}, {"model": "auth.permission", "pk": 16, "fields": {"name": "Can view content type", "content_type": 4, "codename": "view_contenttype"}}, {"model": "auth.permission", "pk": 17, "fields": {"name": "Can add session", "content_type": 5, "codename": "add_session"}}, {"model": "auth.permission", "pk": 18, "fields": {"name": "Can change session", "content_type": 5, "codename": "change_session"}}, {"model": "auth.permission", "pk": 19, "fields": {"name": "Can delete session", "content_type": 5, "codename": "delete_session"}}, {"model": "auth.permission", "pk": 20, "fields": {"name": "Can view session", "content_type": 5, "codename": "view_session"}}, {"model": "auth.permission", "pk": 21, "fields": {"name": "Can add Token", "content_type": 6, "codename": "add_token"}}, {"model": "auth.permission", "pk": 22, "fields": {"name": "Can change Token", "content_type": 6, "codename": "change_token"}}, {"model": "auth.permission", "pk": 23, "fields": {"name": "Can delete Token", "content_type": 6, "codename": "delete_token"}}, {"model": "auth.permission", "pk": 24, "fields": {"name": "Can view Token", "content_type": 6, "codename": "view_token"}}, {"model": "auth.permission", "pk": 25, "fields": {"name": "Can add Token", "content_type": 7, "codename": "add_tokenproxy"}}, {"model": "auth.permission", "pk": 26, "fields": {"name": "Can change Token", "content_type": 7, "codename": "change_tokenproxy"}}, {"model": "auth.permission", "pk": 27, "fields": {"name": "Can delete Token", "content_type": 7, "codename": "delete_tokenproxy"}}, {"model": "auth.permission", "pk": 28, "fields": {"name": "Can view Token", "content_type": 7, "codename": "view_tokenproxy"}}, {"model": "auth.permission", "pk": 29, "fields": {"name": "Can add user", "content_type": 8, "codename": "add_user"}}, {"model": "auth.permission", "pk": 30, "fields": {"name": "Can change user", "content_type": 8, "codename": "change_user"}}, {"model": "auth.permission", "pk": 31, "fields": {"name": "Can delete user", "content_type": 8, "codename": "delete_user"}}, {"model": "auth.permission", "pk": 32, "fields": {"name": "Can view user", "content_type": 8, "codename": "view_user"}}, {"model": "auth.permission", "pk": 33, "fields": {"name": "Can add product", "content_type": 9, "codename": "add_product"}}, {"model": "auth.permission", "pk": 34, "fields": {"name": "Can change product", "content_type": 9, "codename": "change_product"}}, {"model": "auth.permission", "pk": 35, "fields": {"name": "Can delete product", "content_type": 9, "codename": "delete_product"}}, {"model": "auth.permission", "pk": 36, "fields": {"name": "Can view product", "content_type": 9, "codename": "view_product"}}, {"model": "auth.permission", "pk": 37, "fields": {"name": "Can add order", "content_type": 10, "codename": "add_order"}}, {"model": "auth.permission", "pk": 38, "fields": {"name": "Can change order", "content_type": 10, "codename": "change_order"}}, {"model": "auth.permission", "pk": 39, "fields": {"name": "Can delete order", "content_type": 10, "codename": "delete_order"}}, {"model": "auth.permission", "pk": 40, "fields": {"name": "Can view order", "content_type": 10, "codename": "view_order"}}, {"model": "auth.permission", "pk": 41, "fields": {"name": "Can add need", "content_type": 11, "codename": "add_need"}}, {"model": "auth.permission", "pk": 42, "fields": {"name": "Can change need", "content_type": 11, "codename": "change_need"}}, {"model": "auth.permission", "pk": 43, "fields": {"name": "Can delete need", "content_type": 11, "codename": "delete_need"}}, {"model": "auth.permission", "pk": 44, "fields": {"name": "Can view need", "content_type": 11, "codename": "view_need"}}, {"model": "auth.permission", "pk": 45, "fields": {"name": "Can add message", "content_type": 12, "codename": "add_message"}}, {"model": "auth.permission", "pk": 46, "fields": {"name": "Can change message", "content_type": 12, "codename": "change_message"}}, {"model": "auth.permission", "pk": 47, "fields": {"name": "Can delete message", "content_type": 12, "codename": "delete_message"}}, {"model": "auth.permission", "pk": 48, "fields": {"name": "Can view message", "content_type": 12, "codename": "view_message"}}, {"model": "auth.permission", "pk": 49, "fields": {"name": "Can add statistic", "content_type": 13, "codename": "add_statistic"}}, {"model": "auth.permission", "pk": 50, "fields": {"name": "Can change statistic", "content_type": 13, "codename": "change_statistic"}}, {"model": "auth.permission", "pk": 51, "fields": {"name": "Can delete statistic", "content_type": 13, "codename": "delete_statistic"}}, {"model": "auth.permission", "pk": 52, "fields": {"name": "Can view statistic", "content_type": 13, "codename": "view_statistic"}}, {"model": "auth.permission", "pk": 53, "fields": {"name": "Can add season", "content_type": 14, "codename": "add_season"}}, {"model": "auth.permission", "pk": 54, "fields": {"name": "Can change season", "content_type": 14, "codename": "change_season"}}, {"model": "auth.permission", "pk": 55, "fields": {"name": "Can delete season", "content_type": 14, "codename": "delete_season"}}, {"model": "auth.permission", "pk": 56, "fields": {"name": "Can view season", "content_type": 14, "codename": "view_season"}}, {"model": "auth.permission", "pk": 57, "fields": {"name": "Can add news", "content_type": 15, "codename": "add_news"}}, {"model": "auth.permission", "pk": 58, "fields": {"name": "Can change news", "content_type": 15, "codename": "change_news"}}, {"model": "auth.permission", "pk": 59, "fields": {"name": "Can delete news", "content_type": 15, "codename": "delete_news"}}, {"model": "auth.permission", "pk": 60, "fields": {"name": "Can view news", "content_type": 15, "codename": "view_news"}}, {"model": "auth.permission", "pk": 61, "fields": {"name": "Can add notice", "content_type": 16, "codename": "add_notice"}}, {"model": "auth.permission", "pk": 62, "fields": {"name": "Can change notice", "content_type": 16, "codename": "change_notice"}}, {"model": "auth.permission", "pk": 63, "fields": {"name": "Can delete notice", "content_type": 16, "codename": "delete_notice"}}, {"model": "auth.permission", "pk": 64, "fields": {"name": "Can view notice", "content_type": 16, "codename": "view_notice"}}, {"model": "auth.permission", "pk": 65, "fields": {"name": "Can add event", "content_type": 17, "codename": "add_event"}}, {"model": "auth.permission", "pk": 66, "fields": {"name": "Can change event", "content_type": 17, "codename": "change_event"}}, {"model": "auth.permission", "pk": 67, "fields": {"name": "Can delete event", "content_type": 17, "codename": "delete_event"}}, {"model": "auth.permission", "pk": 68, "fields": {"name": "Can view event", "content_type": 17, "codename": "view_event"}}, {"model": "auth.permission", "pk": 69, "fields": {"name": "Can add crop", "content_type": 18, "codename": "add_crop"}}, {"model": "auth.permission", "pk": 70, "fields": {"name": "Can change crop", "content_type": 18, "codename": "change_crop"}}, {"model": "auth.permission", "pk": 71, "fields": {"name": "Can delete crop", "content_type": 18, "codename": "delete_crop"}}, {"model": "auth.permission", "pk": 72, "fields": {"name": "Can view crop", "content_type": 18, "codename": "view_crop"}}, {"model": "auth.permission", "pk": 73, "fields": {"name": "Can add stat", "content_type": 19, "codename": "add_stat"}}, {"model": "auth.permission", "pk": 74, "fields": {"name": "Can change stat", "content_type": 19, "codename": "change_stat"}}, {"model": "auth.permission", "pk": 75, "fields": {"name": "Can delete stat", "content_type": 19, "codename": "delete_stat"}}, {"model": "auth.permission", "pk": 76, "fields": {"name": "Can view stat", "content_type": 19, "codename": "view_stat"}}, {"model": "auth.permission", "pk": 77, "fields": {"name": "Can add group", "content_type": 20, "codename": "add_group"}}, {"model": "auth.permission", "pk": 78, "fields": {"name": "Can change group", "content_type": 20, "codename": "change_group"}}, {"model": "auth.permission", "pk": 79, "fields": {"name": "Can delete group", "content_type": 20, "codename": "delete_group"}}, {"model": "auth.permission", "pk": 80, "fields": {"name": "Can view group", "content_type": 20, "codename": "view_group"}}, {"model": "contenttypes.contenttype", "pk": 1, "fields": {"app_label": "admin", "model": "logentry"}}, {"model": "contenttypes.contenttype", "pk": 2, "fields": {"app_label": "auth", "model": "permission"}}, {"model": "contenttypes.contenttype", "pk": 3, "fields": {"app_label": "auth", "model": "group"}}, {"model": "contenttypes.contenttype", "pk": 4, "fields": {"app_label": "contenttypes", "model": "contenttype"}}, {"model": "contenttypes.contenttype", "pk": 5, "fields": {"app_label": "sessions", "model": "session"}}, {"model": "contenttypes.contenttype", "pk": 6, "fields": {"app_label": "authtoken", "model": "token"}}, {"model": "contenttypes.contenttype", "pk": 7, "fields": {"app_label": "authtoken", "model": "tokenproxy"}}, {"model": "contenttypes.contenttype", "pk": 8, "fields": {"app_label": "users", "model": "user"}}, {"model": "contenttypes.contenttype", "pk": 9, "fields": {"app_label": "products", "model": "product"}}, {"model": "contenttypes.contenttype", "pk": 10, "fields": {"app_label": "orders", "model": "order"}}, {"model": "contenttypes.contenttype", "pk": 11, "fields": {"app_label": "needs", "model": "need"}}, {"model": "contenttypes.contenttype", "pk": 12, "fields": {"app_label": "custom_messages", "model": "message"}}, {"model": "contenttypes.contenttype", "pk": 13, "fields": {"app_label": "stats", "model": "statistic"}}, {"model": "contenttypes.contenttype", "pk": 14, "fields": {"app_label": "seasons", "model": "season"}}, {"model": "contenttypes.contenttype", "pk": 15, "fields": {"app_label": "news", "model": "news"}}, {"model": "contenttypes.contenttype", "pk": 16, "fields": {"app_label": "notices", "model": "notice"}}, {"model": "contenttypes.contenttype", "pk": 17, "fields": {"app_label": "seasons", "model": "event"}}, {"model": "contenttypes.contenttype", "pk": 18, "fields": {"app_label": "seasons", "model": "crop"}}, {"model": "contenttypes.contenttype", "pk": 19, "fields": {"app_label": "stats", "model": "stat"}}, {"model": "contenttypes.contenttype", "pk": 20, "fields": {"app_label": "custom_messages", "model": "group"}}, {"model": "authtoken.token", "pk": "701b79f4ad44de0473bc124bcae67f61e5edf34a", "fields": {"user": 3, "created": "2024-09-19T07:56:37.622Z"}}, {"model": "authtoken.token", "pk": "7a86e8f28cc59d6666006c050031306371011290", "fields": {"user": 13, "created": "2024-09-20T11:40:32.325Z"}}, {"model": "authtoken.token", "pk": "9871534df36ad8ddc61bc118364d9f878be8d6ac", "fields": {"user": 6, "created": "2024-09-19T08:01:26.433Z"}}, {"model": "authtoken.token", "pk": "bb2da4bcfef2636a079516948949cbcf99d36b2f", "fields": {"user": 4, "created": "2024-09-19T08:47:48.518Z"}}, {"model": "authtoken.token", "pk": "ce22617614060f56248d30fdca4359eb65ddb35e", "fields": {"user": 5, "created": "2024-09-19T08:59:43.721Z"}}, {"model": "authtoken.token", "pk": "eaf7cdf37dcc5e460c0bbc0a1168c0cadde290da", "fields": {"user": 12, "created": "2024-09-19T13:04:47.769Z"}}, {"model": "users.user", "pk": 3, "fields": {"password": "pbkdf2_sha256$600000$Xb5KUKheZIgk3qkqxCpB5w$lMEWHvvtADtO1oMPe48FWVPT+9YB5WB2fzgh5msc058=", "last_login": null, "is_superuser": false, "username": "Admin", "email": "admin@agridi.mg", "is_staff": false, "date_joined": "2024-09-18T13:23:05.749Z", "role": "Admin", "first_name": "", "last_name": "", "phone_number": null, "address": null, "date_of_birth": null, "profile_picture": "", "bio": null, "website": null, "alternate_email": null, "linkedin": null, "is_active": true, "groups": [], "user_permissions": []}}, {"model": "users.user", "pk": 4, "fields": {"password": "pbkdf2_sha256$600000$aiVRxR4ZoMLIn2n9Q3QphF$zrx4E3nMLo7UQPnoPA3vsmIExuGwwLxRN2UepoSUqDA=", "last_login": null, "is_superuser": false, "username": "Anicet", "email": "anicet@agridi.mg", "is_staff": false, "date_joined": "2024-09-19T06:31:50.950Z", "role": "Pro", "first_name": "", "last_name": "", "phone_number": "+123456789", "address": null, "date_of_birth": null, "profile_picture": "", "bio": "Je suis un passionné d'agriculture.", "website": null, "alternate_email": null, "linkedin": null, "is_active": true, "groups": [], "user_permissions": []}}, {"model": "users.user", "pk": 5, "fields": {"password": "pbkdf2_sha256$600000$YFlAt1sanE5boZDT7i0NLQ$c5q5Lgwni1kwvMhWmH2fu4NtIBxK9/+ND5h+ysw4dIo=", "last_login": null, "is_superuser": false, "username": "Jonhia", "email": "jonhia@agridi.mg", "is_staff": false, "date_joined": "2024-09-19T06:33:36.373Z", "role": "Col", "first_name": "", "last_name": "", "phone_number": null, "address": null, "date_of_birth": null, "profile_picture": "", "bio": null, "website": null, "alternate_email": null, "linkedin": null, "is_active": true, "groups": [], "user_permissions": []}}, {"model": "users.user", "pk": 6, "fields": {"password": "pbkdf2_sha256$600000$FIcdA5ZbeGIpd8jlCbgj0H$XjOPXPeHXUqATMPr/ZyArj9icVpYydNvXj7vUKKlsmY=", "last_login": null, "is_superuser": false, "username": "Anthonio", "email": "anthonio@agridi.mg", "is_staff": false, "date_joined": "2024-09-19T06:38:11.931Z", "role": "Pro", "first_name": "", "last_name": "", "phone_number": null, "address": null, "date_of_birth": null, "profile_picture": "", "bio": null, "website": null, "alternate_email": null, "linkedin": null, "is_active": true, "groups": [], "user_permissions": []}}, {"model": "users.user", "pk": 12, "fields": {"password": "pbkdf2_sha256$600000$Wm47zJ7syQq7xRkXoPYiWS$PXtnW8HoOmQDdeR8cTfdeoRs+Vf6APDtAsRDj+jF2uQ=", "last_login": null, "is_superuser": true, "username": "admin-agridi", "email": "admin@agridi.mg", "is_staff": true, "date_joined": "2024-09-19T13:02:31.585Z", "role": "Admin", "first_name": "", "last_name": "", "phone_number": null, "address": null, "date_of_birth": null, "profile_picture": "", "bio": null, "website": null, "alternate_email": null, "linkedin": null, "is_active": true, "groups": [], "user_permissions": []}}, {"model": "users.user", "pk": 13, "fields": {"password": "pbkdf2_sha256$600000$3BsoQfVaQ5ytzMtaKZoIj8$qbBTWlScWZh5N6kT+OtLpVQIDQpdCcDJO4X0dvTiAAU=", "last_login": null, "is_superuser": false, "username": "Test", "email": "test@test.test", "is_staff": false, "date_joined": "2024-09-20T11:40:31.850Z", "role": "Pro", "first_name": "", "last_name": "", "phone_number": null, "address": null, "date_of_birth": null, "profile_picture": "", "bio": null, "website": null, "alternate_email": null, "linkedin": null, "is_active": true, "groups": [], "user_permissions": []}}, {"model": "products.product", "pk": 3, "fields": {"name": "Atody", "variety": "Gasy", "quantity": 170397, "price": "1000.00", "photo": "products/oeuf_2g4ztH7.jfif", "video": "", "document": "", "location": "Voiture", "user": 4}}, {"model": "products.product", "pk": 4, "fields": {"name": "akondro", "variety": "Gasy", "quantity": 16869, "price": "200.00", "photo": "products/banane_J3vxSAy.jfif", "video": "", "document": "", "location": "Fianara", "user": 5}}, {"model": "products.product", "pk": 5, "fields": {"name": "Akoho", "variety": "Gasy", "quantity": 299986, "price": "10000.00", "photo": "products/products_images/poulet.jfif", "video": "", "document": "", "location": "Tana", "user": 4}}, {"model": "orders.order", "pk": 2, "fields": {"product": 4, "user": 5, "quantity": 20, "negotiated_price": "150.00", "status": "pending"}}, {"model": "orders.order", "pk": 3, "fields": {"product": 5, "user": 5, "quantity": 700000, "negotiated_price": "150000.00", "status": "pending"}}, {"model": "orders.order", "pk": 4, "fields": {"product": 5, "user": 5, "quantity": 7, "negotiated_price": "10.00", "status": "pending"}}, {"model": "orders.order", "pk": 6, "fields": {"product": 4, "user": 12, "quantity": 111, "negotiated_price": "20.00", "status": "pending"}}, {"model": "needs.need", "pk": 1, "fields": {"product_name": "Tomate", "variety": "Cerise", "quantity": 50, "budget": "150.00", "delivery_deadline": "2024-10-15", "user": 4}}, {"model": "needs.need", "pk": 2, "fields": {"product_name": "Voatabia", "variety": "Cerise", "quantity": 50, "budget": "150.00", "delivery_deadline": "2024-10-15", "user": 4}}, {"model": "custom_messages.group", "pk": 1, "fields": {"name": "Projet A", "owner": 4, "photo": "", "members": [3, 5, 6]}}, {"model": "custom_messages.group", "pk": 2, "fields": {"name": "Projet X", "owner": 5, "photo": "", "members": [3, 4, 5, 6]}}, {"model": "custom_messages.message", "pk": 1, "fields": {"content": "Voici le document important.", "file": "", "sender": 4, "receiver": 5, "group": null, "timestamp": "2024-09-20T12:00:43.597Z"}}, {"model": "custom_messages.message", "pk": 2, "fields": {"content": "salut", "file": "", "sender": 4, "receiver": 5, "group": null, "timestamp": "2024-09-20T12:01:15.981Z"}}, {"model": "custom_messages.message", "pk": 3, "fields": {"content": "Bonjour Anicet", "file": "", "sender": 4, "receiver": 5, "group": null, "timestamp": "2024-09-20T12:02:27.389Z"}}, {"model": "custom_messages.message", "pk": 4, "fields": {"content": "Vaovao Jonhia?", "file": "", "sender": 4, "receiver": 5, "group": null, "timestamp": "2024-09-20T12:02:46.270Z"}}, {"model": "custom_messages.message", "pk": 5, "fields": {"content": "Bonjour à tous, voici les premières instructions pour le projet.", "file": "", "sender": 4, "receiver": null, "group": 1, "timestamp": "2024-09-23T06:59:27.160Z"}}, {"model": "custom_messages.message", "pk": 6, "fields": {"content": "hello", "file": "", "sender": 4, "receiver": null, "group": 2, "timestamp": "2024-09-23T06:59:49.266Z"}}, {"model": "stats.stat", "pk": 1, "fields": {"name": "Total Sales", "value": "15.00", "timestamp": "2024-09-20T13:17:00.338Z", "category": "Sales", "user": null, "description": null, "is_admin_generated": false}}, {"model": "stats.stat", "pk": 2, "fields": {"name": "Total Production", "value": "500.75", "timestamp": "2024-09-20T13:17:53.960Z", "category": "Production", "user": null, "description": null, "is_admin_generated": false}}, {"model": "stats.stat", "pk": 3, "fields": {"name": "Total Production", "value": "500.75", "timestamp": "2024-09-20T13:21:33.400Z", "category": "Production", "user": null, "description": null, "is_admin_generated": false}}, {"model": "stats.stat", "pk": 4, "fields": {"name": "Total Production", "value": "15000.00", "timestamp": "2024-09-23T05:08:58.209Z", "category": "Sales", "user": null, "description": null, "is_admin_generated": false}}, {"model": "seasons.crop", "pk": 1, "fields": {"name": "Tomate", "season": 1}}, {"model": "seasons.crop", "pk": 2, "fields": {"name": "banane", "season": 1}}, {"model": "seasons.crop", "pk": 3, "fields": {"name": "Omby vavy beronono", "season": 1}}, {"model": "seasons.crop", "pk": 4, "fields": {"name": "Wheat", "season": 2}}, {"model": "seasons.event", "pk": 1, "fields": {"name": "Fête de la Récolte", "date": "2024-09-15", "description": "Célébration de la récolte des légumes d'été.", "season": 1}}, {"model": "seasons.event", "pk": 2, "fields": {"name": "Plantation de printemps", "date": "2024-03-20", "description": "Journée de plantation des cultures de printemps.", "season": 1}}, {"model": "seasons.event", "pk": 3, "fields": {"name": "Harvest Festival", "date": "2024-10-15", "description": "A celebration of the harvest season.", "season": 2}}, {"model": "seasons.season", "pk": 1, "fields": {"name": "Saison de printemps", "start_date": "2024-03-01", "end_date": "2024-06-01", "description": null}}, {"model": "seasons.season", "pk": 2, "fields": {"name": "Saison d'hiver", "start_date": "2024-03-01", "end_date": "2024-06-01", "description": null}}, {"model": "news.news", "pk": 1, "fields": {"title": "Nouvelle découverte agricole", "content": "Nous avons découvert une nouvelle méthode pour améliorer la production.", "is_active": true, "image": "", "video": "", "document": "", "created_at": "2024-09-19T13:20:26.187Z", "updated_at": "2024-09-19T13:20:26.187Z"}}, {"model": "news.news", "pk": 2, "fields": {"title": "Récolte des céréales 2024", "content": "La saison de récolte pour les céréales de 2024 a été exceptionnelle avec des rendements record.", "is_active": true, "image": "", "video": "", "document": "", "created_at": "2024-09-19T13:21:09.506Z", "updated_at": "2024-09-19T13:21:09.506Z"}}, {"model": "news.news", "pk": 3, "fields": {"title": "Nouveau Programme de Formation", "content": "Nous avons lancé un nouveau programme de formation pour les producteurs agricoles.", "is_active": true, "image": "", "video": "", "document": "", "created_at": "2024-09-19T13:21:44.316Z", "updated_at": "2024-09-19T13:21:44.317Z"}}, {"model": "news.news", "pk": 4, "fields": {"title": "Mise à Jour du Programme de Formation", "content": "Le programme de formation a été mis à jour avec de nouvelles sessions et intervenants.", "is_active": false, "image": "", "video": "", "document": "", "created_at": "2024-09-19T13:22:18.720Z", "updated_at": "2024-09-19T13:22:18.720Z"}}, {"model": "notices.notice", "pk": 1, "fields": {"news": 1, "user": 4, "rating": 5, "comment": "Excellente mise à jour!", "created_at": "2024-09-20T08:10:29.480Z"}}, {"model": "notices.notice", "pk": 2, "fields": {"news": 1, "user": 5, "rating": 2, "comment": "Non apprécié , lol!", "created_at": "2024-09-20T08:13:19.419Z"}}, {"model": "notices.notice", "pk": 3, "fields": {"news": 2, "user": 5, "rating": 2, "comment": "Please!", "created_at": "2024-09-20T08:13:46.218Z"}}, {"model": "notices.notice", "pk": 4, "fields": {"news": 3, "user": 5, "rating": 1, "comment": "Ok!", "created_at": "2024-09-20T08:14:15.821Z"}}, {"model": "notices.notice", "pk": 5, "fields": {"news": 2, "user": 4, "rating": 3, "comment": "wesh!", "created_at": "2024-09-20T08:14:35.684Z"}}, {"model": "notices.notice", "pk": 6, "fields": {"news": 3, "user": 4, "rating": 4, "comment": "Big_up_man", "created_at": "2024-09-20T08:14:52.438Z"}}]